{
  "sampleCount": 4520,
  "accuracy": 0.995353982300885,
  "train_loss": 0.019756543049506383
}