{
  "sampleCount": 47813,
  "trainCount": 43083,
  "evalCount": 4730,
  "sample_accuracy": 0.7177589852008457,
  "group_accuracy": 0.9715762273901809,
  "train_loss": 0.6619676754832852
}